Local time,Open,High,Low,Close,Volume
03.01.2023 01:00:00.000 GMT+0300,1826.837,1849.865,1823.287,1839.048,41297379.553399995
04.01.2023 01:00:00.000 GMT+0300,1838.797,1865.035,1836.048,1853.798,44793239.95109999
05.01.2023 01:00:00.000 GMT+0300,1854.147,1858.875,1824.995,1832.648,38527540.0279
06.01.2023 01:00:00.000 GMT+0300,1830.042,1869.765,1830.032,1865.598,41487069.3686
09.01.2023 01:00:00.000 GMT+0300,1867.537,1881.445,1864.477,1870.925,29478179.9911
10.01.2023 01:00:00.000 GMT+0300,1870.507,1880.635,1867.745,1876.298,32665390.044600002
11.01.2023 01:00:00.000 GMT+0300,1876.697,1886.548,1867.015,1874.898,32288420.0066
12.01.2023 01:00:00.000 GMT+0300,1874.997,1901.475,1872.760,1896.298,35461204.826799996
13.01.2023 01:00:00.000 GMT+0300,1895.297,1921.798,1892.205,1919.398,38002660.3639
16.01.2023 01:00:00.000 GMT+0300,1920.337,1928.885,1910.665,1913.705,23759099.990099996
17.01.2023 01:00:00.000 GMT+0300,1914.837,1918.925,1903.675,1908.195,27948347.091700003
18.01.2023 01:00:00.000 GMT+0300,1907.577,1925.798,1896.495,1903.298,41790392.1901
19.01.2023 01:00:00.000 GMT+0300,1904.747,1935.045,1900.855,1931.205,41806400.120299995
20.01.2023 01:00:00.000 GMT+0300,1931.737,1937.435,1920.508,1925.298,31964230.179699995
23.01.2023 01:00:00.000 GMT+0300,1926.128,1935.445,1911.248,1930.848,35581448.734
24.01.2023 01:00:00.000 GMT+0300,1930.597,1942.348,1917.065,1936.698,36658609.80760001
25.01.2023 01:00:00.000 GMT+0300,1937.397,1947.945,1919.697,1945.695,27910479.9925
26.01.2023 01:00:00.000 GMT+0300,1946.697,1949.085,1918.627,1928.585,29952418.804100007
27.01.2023 01:00:00.000 GMT+0300,1928.397,1934.918,1916.525,1927.598,30755419.522299998
30.01.2023 01:00:00.000 GMT+0300,1927.108,1934.425,1920.585,1922.075,24680009.901400004
31.01.2023 01:00:00.000 GMT+0300,1922.207,1930.998,1900.665,1927.475,28686809.867300004
01.02.2023 01:00:00.000 GMT+0300,1927.538,1954.448,1920.435,1950.098,35926219.94020001
02.02.2023 01:00:00.000 GMT+0300,1950.388,1959.625,1911.225,1911.755,36018985.0333
03.02.2023 01:00:00.000 GMT+0300,1911.607,1918.485,1861.255,1864.548,39150699.5558
06.02.2023 01:00:00.000 GMT+0300,1864.508,1881.198,1859.647,1866.698,32178000.1524
07.02.2023 01:00:00.000 GMT+0300,1866.937,1884.348,1864.898,1872.998,36655080.408
08.02.2023 01:00:00.000 GMT+0300,1872.097,1886.345,1868.898,1875.248,27179800.152900003
09.02.2023 01:00:00.000 GMT+0300,1874.727,1890.098,1858.855,1861.548,27202389.8064
10.02.2023 01:00:00.000 GMT+0300,1861.637,1872.035,1852.588,1864.698,28141469.9852
13.02.2023 01:00:00.000 GMT+0300,1863.917,1866.395,1850.325,1853.348,25071830.004699998
14.02.2023 01:00:00.000 GMT+0300,1853.007,1870.467,1843.165,1853.948,40687220.1264
15.02.2023 01:00:00.000 GMT+0300,1854.017,1859.998,1830.475,1835.698,28166140.139200002
16.02.2023 01:00:00.000 GMT+0300,1835.597,1845.158,1827.555,1835.065,26628899.693700004
17.02.2023 01:00:00.000 GMT+0300,1836.258,1843.505,1818.805,1841.898,25683100.223599996
20.02.2023 01:00:00.000 GMT+0300,1840.407,1847.405,1837.145,1840.965,17148579.9701
21.02.2023 01:00:00.000 GMT+0300,1841.304,1843.738,1830.095,1834.675,31192650.079899997
22.02.2023 01:00:00.000 GMT+0300,1834.424,1845.905,1823.425,1824.435,30071870.0737
23.02.2023 01:00:00.000 GMT+0300,1825.154,1833.685,1817.395,1821.585,27344180.018
24.02.2023 01:00:00.000 GMT+0300,1821.444,1827.715,1808.865,1810.665,27581360.2059
27.02.2023 01:00:00.000 GMT+0300,1810.758,1820.055,1806.538,1816.898,24543059.825799994
28.02.2023 01:00:00.000 GMT+0300,1816.634,1831.045,1804.594,1826.648,27945379.853200007
01.03.2023 01:00:00.000 GMT+0300,1826.104,1844.408,1822.938,1835.935,28346189.975899998
02.03.2023 01:00:00.000 GMT+0300,1836.308,1838.865,1829.854,1835.615,32104679.882499993
03.03.2023 01:00:00.000 GMT+0300,1835.654,1856.768,1835.404,1855.798,26543416.0831
06.03.2023 01:00:00.000 GMT+0300,1854.644,1858.168,1845.015,1846.015,26961280.2266
07.03.2023 01:00:00.000 GMT+0300,1846.248,1851.555,1812.655,1812.795,26516069.978499994
08.03.2023 01:00:00.000 GMT+0300,1812.968,1824.185,1809.248,1813.305,24970375.0017
09.03.2023 01:00:00.000 GMT+0300,1812.808,1835.565,1811.805,1830.815,23188119.918
10.03.2023 01:00:00.000 GMT+0300,1830.434,1870.065,1827.675,1867.448,47097590.5357
13.03.2023 00:00:00.000 GMT+0300,1872.398,1914.475,1871.328,1912.705,67362815.02239999
14.03.2023 00:00:00.000 GMT+0300,1913.514,1913.984,1895.228,1903.698,44332239.8961
15.03.2023 00:00:00.000 GMT+0300,1903.414,1937.295,1885.565,1918.055,49171460.0028
16.03.2023 00:00:00.000 GMT+0300,1917.708,1933.385,1907.455,1919.248,49588620.03689999
17.03.2023 00:00:00.000 GMT+0300,1920.774,1988.998,1918.135,1987.798,44892250.0909
20.03.2023 00:00:00.000 GMT+0300,1984.148,2009.695,1965.748,1978.375,45621237.546299994
21.03.2023 00:00:00.000 GMT+0300,1978.308,1985.025,1935.194,1939.205,36842389.8815
22.03.2023 00:00:00.000 GMT+0300,1939.658,1978.705,1934.175,1969.525,42585859.894999996
23.03.2023 00:00:00.000 GMT+0300,1969.714,2003.185,1964.644,1992.598,43526750.147300005
24.03.2023 00:00:00.000 GMT+0300,1993.198,2002.848,1975.085,1977.988,41321789.92049999
27.03.2023 00:00:00.000 GMT+0300,1979.798,1979.798,1943.895,1956.275,31679050.147500005
28.03.2023 00:00:00.000 GMT+0300,1955.504,1975.148,1949.028,1972.915,31469309.9856
29.03.2023 00:00:00.000 GMT+0300,1972.558,1974.224,1958.575,1963.625,28822760.134799995
30.03.2023 00:00:00.000 GMT+0300,1963.484,1984.195,1955.204,1979.715,32613049.8649
31.03.2023 00:00:00.000 GMT+0300,1979.884,1987.485,1966.754,1968.748,34525280.4756
03.04.2023 00:00:00.000 GMT+0300,1972.298,1990.365,1949.595,1984.295,36308730.4235
04.04.2023 00:00:00.000 GMT+0300,1983.344,2024.848,1976.825,2019.875,35349749.7437
05.04.2023 00:00:00.000 GMT+0300,2020.094,2031.968,2009.885,2020.195,30457015.872
06.04.2023 00:00:00.000 GMT+0300,2020.404,2021.248,2001.000,2006.476,30350362.0176
07.04.2023 00:00:00.000 GMT+0300,2006.476,2006.476,2006.476,2006.476,0
10.04.2023 00:00:00.000 GMT+0300,1993.341,2006.355,1981.545,1990.955,22482846.081400003
11.04.2023 00:00:00.000 GMT+0300,1991.084,2007.348,1988.615,2003.005,22699410.006299995
12.04.2023 00:00:00.000 GMT+0300,2003.274,2028.235,2001.225,2014.635,31501075.238100003
13.04.2023 00:00:00.000 GMT+0300,2013.974,2048.538,2013.518,2039.498,28525760.144
14.04.2023 00:00:00.000 GMT+0300,2039.454,2047.335,1992.285,2003.498,35670629.7698
17.04.2023 00:00:00.000 GMT+0300,1998.498,2014.885,1980.974,1994.195,26933909.9081
18.04.2023 00:00:00.000 GMT+0300,1994.688,2011.748,1991.195,2005.048,22903259.947799996
19.04.2023 00:00:00.000 GMT+0300,2004.704,2008.045,1969.155,1994.605,29605374.8726
20.04.2023 00:00:00.000 GMT+0300,1994.564,2012.255,1990.385,2004.598,25793400.0194
21.04.2023 00:00:00.000 GMT+0300,2004.424,2005.495,1971.515,1982.248,26516889.9298
24.04.2023 00:00:00.000 GMT+0300,1980.748,1990.728,1973.995,1988.938,26157879.7995
25.04.2023 00:00:00.000 GMT+0300,1988.704,2003.798,1976.015,1996.698,33561620.2953
26.04.2023 00:00:00.000 GMT+0300,1997.004,2009.204,1983.198,1988.198,34323170.2298
27.04.2023 00:00:00.000 GMT+0300,1989.034,2003.258,1973.865,1987.598,41109137.743700005
28.04.2023 00:00:00.000 GMT+0300,1987.404,1994.915,1975.905,1989.548,31209769.636400003
01.05.2023 00:00:00.000 GMT+0300,1990.398,2005.848,1976.925,1981.198,30715799.1232
02.05.2023 00:00:00.000 GMT+0300,1981.344,2019.248,1978.324,2016.325,32224630.1472
03.05.2023 00:00:00.000 GMT+0300,2016.488,2040.298,2007.414,2038.798,29261180.967200004
04.05.2023 00:00:00.000 GMT+0300,2039.274,2079.778,2030.214,2049.498,53467901.40849999
05.05.2023 00:00:00.000 GMT+0300,2049.644,2052.925,1999.455,2016.298,76076936.42369998
08.05.2023 00:00:00.000 GMT+0300,2016.608,2029.334,2014.134,2020.625,76556309.9982
09.05.2023 00:00:00.000 GMT+0300,2020.404,2037.494,2019.344,2033.868,88654230.4159
10.05.2023 00:00:00.000 GMT+0300,2033.954,2048.114,2021.434,2029.465,102128338.78390001
11.05.2023 00:00:00.000 GMT+0300,2029.944,2041.214,2011.044,2014.595,127811280.07149999
12.05.2023 00:00:00.000 GMT+0300,2014.654,2022.494,2000.825,2009.798,75348925.41170001
15.05.2023 00:00:00.000 GMT+0300,2007.498,2022.114,2006.998,2015.678,77636580.0201
16.05.2023 00:00:00.000 GMT+0300,2015.304,2018.235,1985.405,1988.848,96568827.53959998
17.05.2023 00:00:00.000 GMT+0300,1989.104,1992.985,1974.935,1981.298,89272510.2606
18.05.2023 00:00:00.000 GMT+0300,1981.464,1985.944,1951.885,1957.348,51410759.53840001
19.05.2023 00:00:00.000 GMT+0300,1956.418,1984.075,1953.905,1977.448,29291929.900799997
22.05.2023 00:00:00.000 GMT+0300,1976.478,1982.505,1968.765,1971.645,26590119.9131
23.05.2023 00:00:00.000 GMT+0300,1970.864,1977.554,1954.084,1974.698,34162269.5775
24.05.2023 00:00:00.000 GMT+0300,1974.684,1985.194,1956.548,1956.648,28820130.288599998
25.05.2023 00:00:00.000 GMT+0300,1956.104,1964.625,1938.658,1941.005,29568119.972900003
26.05.2023 00:00:00.000 GMT+0300,1939.844,1957.215,1936.655,1945.788,32316150.4569
29.05.2023 00:00:00.000 GMT+0300,1942.078,1949.575,1940.145,1943.054,14114720.1359
30.05.2023 00:00:00.000 GMT+0300,1943.704,1963.378,1931.905,1959.088,28245689.913500004
31.05.2023 00:00:00.000 GMT+0300,1958.788,1974.628,1953.498,1962.398,30778149.9923
01.06.2023 00:00:00.000 GMT+0300,1962.204,1983.015,1953.255,1977.098,28216399.9826
02.06.2023 00:00:00.000 GMT+0300,1976.804,1983.315,1947.164,1947.738,28265998.2591
05.06.2023 00:00:00.000 GMT+0300,1947.045,1963.955,1938.045,1961.448,22857849.702199996
06.06.2023 00:00:00.000 GMT+0300,1960.964,1966.238,1954.255,1963.198,20849020.078700006
07.06.2023 00:00:00.000 GMT+0300,1963.214,1970.085,1939.638,1939.715,22293734.878300004
08.06.2023 00:00:00.000 GMT+0300,1940.344,1970.398,1939.544,1965.148,27523139.9835
09.06.2023 00:00:00.000 GMT+0300,1965.304,1972.928,1956.475,1960.798,20903080.120600004
12.06.2023 00:00:00.000 GMT+0300,1959.324,1966.865,1949.125,1957.548,23769449.978999995
13.06.2023 00:00:00.000 GMT+0300,1957.114,1970.724,1939.935,1943.448,25919269.949100003
14.06.2023 00:00:00.000 GMT+0300,1943.624,1960.205,1939.498,1941.238,26072410.1067
15.06.2023 00:00:00.000 GMT+0300,1941.964,1960.125,1924.898,1957.628,31343920.260800004
16.06.2023 00:00:00.000 GMT+0300,1957.008,1967.825,1953.165,1957.358,30051230.222099997
19.06.2023 00:00:00.000 GMT+0300,1957.198,1958.685,1947.685,1950.125,17317839.9655
20.06.2023 00:00:00.000 GMT+0300,1950.575,1956.675,1929.705,1936.018,22864568.69530001
21.06.2023 00:00:00.000 GMT+0300,1935.274,1939.375,1919.075,1932.198,25223530.292600002
22.06.2023 00:00:00.000 GMT+0300,1932.198,1934.845,1912.224,1912.255,21543060.034500003
23.06.2023 00:00:00.000 GMT+0300,1913.504,1937.238,1910.065,1920.388,23611900.3595
26.06.2023 00:00:00.000 GMT+0300,1924.948,1933.245,1921.425,1921.875,19210299.9836
27.06.2023 00:00:00.000 GMT+0300,1922.604,1930.585,1910.785,1913.395,22448584.8692
28.06.2023 00:00:00.000 GMT+0300,1913.008,1917.155,1902.695,1906.978,23182420.149399996
29.06.2023 00:00:00.000 GMT+0300,1907.404,1912.995,1892.915,1907.845,28094970.032599997
30.06.2023 00:00:00.000 GMT+0300,1907.704,1922.628,1900.465,1919.538,28016939.848600004
03.07.2023 00:00:00.000 GMT+0300,1918.898,1930.935,1909.965,1921.285,24223389.9904
04.07.2023 00:00:00.000 GMT+0300,1920.834,1930.615,1919.644,1925.725,17693849.936199997
05.07.2023 00:00:00.000 GMT+0300,1925.674,1934.905,1914.565,1914.898,22680140.0929
06.07.2023 00:00:00.000 GMT+0300,1914.504,1927.505,1902.505,1910.745,28443760.0969
07.07.2023 00:00:00.000 GMT+0300,1910.234,1934.745,1909.408,1923.838,35441455.3344
10.07.2023 00:00:00.000 GMT+0300,1923.998,1928.075,1912.585,1925.008,21494010.120600004
11.07.2023 00:00:00.000 GMT+0300,1924.468,1938.274,1924.175,1931.515,21263659.9691
12.07.2023 00:00:00.000 GMT+0300,1932.034,1959.595,1931.964,1956.705,24813604.8318
13.07.2023 00:00:00.000 GMT+0300,1955.934,1963.494,1952.245,1960.248,21576685.071000002
14.07.2023 00:00:00.000 GMT+0300,1959.834,1963.585,1950.875,1954.748,20771099.030999996
17.07.2023 00:00:00.000 GMT+0300,1954.048,1959.745,1945.638,1954.898,18604589.9538
18.07.2023 00:00:00.000 GMT+0300,1953.554,1984.195,1953.554,1977.965,29682649.9702
19.07.2023 00:00:00.000 GMT+0300,1978.384,1980.775,1969.645,1976.298,19876089.8413
20.07.2023 00:00:00.000 GMT+0300,1976.545,1987.385,1965.198,1969.088,21636651.828999996
21.07.2023 00:00:00.000 GMT+0300,1969.215,1973.705,1956.678,1961.428,18312419.966000002
24.07.2023 00:00:00.000 GMT+0300,1961.498,1967.725,1953.335,1954.298,19780500.084400002
25.07.2023 00:00:00.000 GMT+0300,1954.285,1965.548,1951.898,1964.458,22212739.8849
26.07.2023 00:00:00.000 GMT+0300,1964.405,1978.118,1961.945,1971.215,22589640.3045
27.07.2023 00:00:00.000 GMT+0300,1970.998,1982.085,1942.525,1943.505,26343889.9217
28.07.2023 00:00:00.000 GMT+0300,1945.715,1963.374,1945.315,1958.465,31699530.06529999
31.07.2023 00:00:00.000 GMT+0300,1958.608,1972.295,1950.655,1964.718,18712679.9822
01.08.2023 00:00:00.000 GMT+0300,1965.195,1965.885,1941.118,1943.498,17371440.1277
02.08.2023 00:00:00.000 GMT+0300,1949.608,1954.675,1932.885,1934.288,20180200.1894
03.08.2023 00:00:00.000 GMT+0300,1933.605,1938.815,1929.425,1933.778,20230420.038099997
04.08.2023 00:00:00.000 GMT+0300,1933.644,1946.798,1924.898,1942.568,19534546.747800004
07.08.2023 00:00:00.000 GMT+0300,1942.098,1946.605,1931.365,1935.718,14150059.9235
08.08.2023 00:00:00.000 GMT+0300,1936.515,1937.945,1922.655,1925.065,17993239.998799995
09.08.2023 00:00:00.000 GMT+0300,1924.575,1932.255,1913.505,1913.515,13361960.068200001
10.08.2023 00:00:00.000 GMT+0300,1914.655,1929.995,1911.748,1911.748,18116200.1638
11.08.2023 00:00:00.000 GMT+0300,1912.105,1920.815,1910.694,1913.378,15415100.082600003
14.08.2023 00:00:00.000 GMT+0300,1912.255,1916.135,1902.595,1906.818,13737809.985899998
15.08.2023 00:00:00.000 GMT+0300,1907.094,1911.525,1896.215,1901.498,22035949.8781
16.08.2023 00:00:00.000 GMT+0300,1900.915,1907.095,1891.148,1891.148,18732270.002400003
17.08.2023 00:00:00.000 GMT+0300,1891.595,1903.375,1884.925,1888.418,19702689.945799995
18.08.2023 00:00:00.000 GMT+0300,1889.075,1896.678,1886.675,1889.258,14205540.0611
21.08.2023 00:00:00.000 GMT+0300,1889.335,1898.665,1884.755,1894.498,15946580.126699999
22.08.2023 00:00:00.000 GMT+0300,1894.548,1904.405,1889.018,1896.978,14587705.053499999
23.08.2023 00:00:00.000 GMT+0300,1897.108,1920.275,1897.108,1914.438,16759660.065200001
24.08.2023 00:00:00.000 GMT+0300,1914.498,1923.225,1911.655,1916.498,14601969.912699997
25.08.2023 00:00:00.000 GMT+0300,1916.198,1922.265,1903.705,1914.778,16563839.9721
28.08.2023 00:00:00.000 GMT+0300,1915.548,1925.955,1912.675,1918.375,15530880.108400004
29.08.2023 00:00:00.000 GMT+0300,1919.598,1938.095,1914.355,1937.238,16450880.207400002
30.08.2023 00:00:00.000 GMT+0300,1937.085,1948.965,1934.838,1941.855,21055420.2497
31.08.2023 00:00:00.000 GMT+0300,1942.868,1947.825,1938.864,1939.658,18123910.0547
01.09.2023 00:00:00.000 GMT+0300,1938.898,1952.905,1934.355,1939.238,27675989.6724
04.09.2023 00:00:00.000 GMT+0300,1939.948,1946.185,1936.675,1938.225,12362840.013499998
05.09.2023 00:00:00.000 GMT+0300,1937.798,1938.905,1925.205,1925.748,14461469.0991
06.09.2023 00:00:00.000 GMT+0300,1925.368,1929.055,1915.175,1916.418,15147739.8648
07.09.2023 00:00:00.000 GMT+0300,1916.545,1923.495,1915.945,1919.338,24075889.8407
08.09.2023 00:00:00.000 GMT+0300,1919.008,1929.595,1917.225,1918.258,13016690.120199999
11.09.2023 00:00:00.000 GMT+0300,1919.865,1930.558,1916.584,1922.048,12894409.999400003
12.09.2023 00:00:00.000 GMT+0300,1921.348,1924.395,1907.478,1913.258,14167010.2625
13.09.2023 00:00:00.000 GMT+0300,1911.695,1915.655,1905.555,1907.918,17546749.9197
14.09.2023 00:00:00.000 GMT+0300,1908.208,1912.825,1900.898,1910.448,26165475.1449
15.09.2023 00:00:00.000 GMT+0300,1910.068,1930.308,1909.725,1922.738,18676719.9189
18.09.2023 00:00:00.000 GMT+0300,1923.408,1934.128,1922.378,1933.538,14183740.0048
19.09.2023 00:00:00.000 GMT+0300,1933.048,1937.275,1929.675,1930.998,10480720.058200002
20.09.2023 00:00:00.000 GMT+0300,1930.785,1947.315,1927.855,1929.755,18630900.040199995
21.09.2023 00:00:00.000 GMT+0300,1930.744,1931.435,1913.808,1919.568,14741010.0998
22.09.2023 00:00:00.000 GMT+0300,1919.195,1929.015,1919.035,1924.818,10836220.026
25.09.2023 00:00:00.000 GMT+0300,1924.335,1927.115,1915.045,1915.585,15888730.123900002
26.09.2023 00:00:00.000 GMT+0300,1915.925,1916.715,1899.005,1900.448,13133240.9679
27.09.2023 00:00:00.000 GMT+0300,1900.335,1903.825,1872.445,1874.338,17630164.846999995
28.09.2023 00:00:00.000 GMT+0300,1874.848,1879.485,1857.565,1863.958,21358105.2129
29.09.2023 00:00:00.000 GMT+0300,1864.985,1879.765,1846.205,1848.098,17104924.023199998
02.10.2023 00:00:00.000 GMT+0300,1847.268,1848.835,1827.065,1827.848,17402345.2253
03.10.2023 00:00:00.000 GMT+0300,1828.265,1833.205,1815.245,1822.558,21661199.718900006
04.10.2023 00:00:00.000 GMT+0300,1822.248,1830.455,1816.475,1820.898,19501879.9305
05.10.2023 00:00:00.000 GMT+0300,1821.098,1829.105,1812.924,1819.988,16750442.0431
06.10.2023 00:00:00.000 GMT+0300,1820.075,1834.725,1810.288,1832.698,20165700.048100002
09.10.2023 00:00:00.000 GMT+0300,1847.405,1863.395,1844.135,1860.878,18940849.9599
10.10.2023 00:00:00.000 GMT+0300,1861.104,1865.315,1852.888,1860.048,16968729.823799998
11.10.2023 00:00:00.000 GMT+0300,1859.498,1877.105,1858.535,1873.948,20517259.895600002
12.10.2023 00:00:00.000 GMT+0300,1874.128,1884.885,1867.825,1868.495,19729939.9299
13.10.2023 00:00:00.000 GMT+0300,1868.715,1932.875,1868.715,1932.738,28099029.838899996
16.10.2023 00:00:00.000 GMT+0300,1927.998,1929.355,1908.085,1919.138,21546329.9899
17.10.2023 00:00:00.000 GMT+0300,1919.138,1931.414,1912.315,1922.798,23299870.0736
18.10.2023 00:00:00.000 GMT+0300,1922.495,1962.545,1922.288,1947.318,23584970.027400006
19.10.2023 00:00:00.000 GMT+0300,1947.575,1977.575,1945.125,1974.048,25478959.9778
20.10.2023 00:00:00.000 GMT+0300,1974.418,1997.135,1971.905,1980.648,27113369.166599996
23.10.2023 00:00:00.000 GMT+0300,1967.114,1982.725,1964.275,1971.848,21467240.154700004
24.10.2023 00:00:00.000 GMT+0300,1972.584,1980.735,1953.404,1970.598,20973480.150100004
25.10.2023 00:00:00.000 GMT+0300,1971.265,1987.115,1962.854,1979.098,23084809.944100004
26.10.2023 00:00:00.000 GMT+0300,1978.875,1993.385,1971.655,1984.448,23408120.0361
27.10.2023 00:00:00.000 GMT+0300,1984.494,2009.395,1976.755,2005.648,23066471.725700002
30.10.2023 00:00:00.000 GMT+0300,2004.135,2006.685,1990.835,1995.728,27802939.951499995
31.10.2023 00:00:00.000 GMT+0300,1995.015,2007.734,1978.735,1983.498,24844829.961600002
01.11.2023 00:00:00.000 GMT+0300,1982.778,1991.898,1969.815,1982.248,24505299.866299998
02.11.2023 00:00:00.000 GMT+0300,1983.525,1990.935,1978.775,1985.478,17821410.0001
03.11.2023 00:00:00.000 GMT+0300,1984.758,2003.968,1983.155,1992.058,23359670.0727
06.11.2023 01:00:00.000 GMT+0300,1991.698,1992.955,1977.228,1977.598,13681765.0794
07.11.2023 01:00:00.000 GMT+0300,1977.198,1978.175,1956.598,1969.028,19970019.9068
08.11.2023 01:00:00.000 GMT+0300,1968.268,1970.955,1947.325,1949.848,17232399.7616
09.11.2023 01:00:00.000 GMT+0300,1948.958,1965.498,1944.575,1958.298,20662520.0509
10.11.2023 01:00:00.000 GMT+0300,1958.098,1960.695,1932.865,1938.148,17672177.1059
13.11.2023 01:00:00.000 GMT+0300,1938.165,1949.115,1931.515,1945.948,19155509.873999998
14.11.2023 01:00:00.000 GMT+0300,1945.568,1970.835,1937.978,1963.178,19177470.0135
15.11.2023 01:00:00.000 GMT+0300,1962.094,1975.148,1955.325,1959.048,19650700.1517
16.11.2023 01:00:00.000 GMT+0300,1959.108,1987.848,1956.365,1980.998,19890639.930499997
17.11.2023 01:00:00.000 GMT+0300,1980.235,1993.335,1978.478,1980.398,18017730.057099998
20.11.2023 01:00:00.000 GMT+0300,1977.698,1985.085,1965.355,1977.774,19257909.9237
21.11.2023 01:00:00.000 GMT+0300,1977.648,2007.475,1977.638,1998.098,24879169.970800005
22.11.2023 01:00:00.000 GMT+0300,1998.598,2006.318,1986.805,1989.548,23829349.875499997
23.11.2023 01:00:00.000 GMT+0300,1988.415,1998.408,1988.415,1992.555,11005330.063399998
24.11.2023 01:00:00.000 GMT+0300,1991.698,2003.515,1991.338,2000.505,15770169.9289
27.11.2023 01:00:00.000 GMT+0300,2000.995,2018.085,2000.398,2013.848,20310740.053700007
28.11.2023 01:00:00.000 GMT+0300,2013.195,2042.915,2011.478,2040.598,21352800.160600003
29.11.2023 01:00:00.000 GMT+0300,2040.875,2051.865,2035.205,2043.998,27235395.3122
30.11.2023 01:00:00.000 GMT+0300,2045.085,2047.118,2031.258,2036.098,21602120.0122
01.12.2023 01:00:00.000 GMT+0300,2036.218,2075.265,2033.805,2071.668,27147610.2771
04.12.2023 01:00:00.000 GMT+0300,2072.525,2145.135,2019.925,2028.965,47067631.006299995
05.12.2023 01:00:00.000 GMT+0300,2029.154,2041.155,2009.855,2019.048,30773055.106200002
06.12.2023 01:00:00.000 GMT+0300,2018.575,2035.785,2017.098,2025.218,23531419.9923
07.12.2023 01:00:00.000 GMT+0300,2025.545,2039.778,2020.075,2028.418,26329749.7036
08.12.2023 01:00:00.000 GMT+0300,2028.028,2033.874,1994.555,2004.418,31592483.937700003
11.12.2023 01:00:00.000 GMT+0300,2002.794,2007.705,1975.725,1981.624,21620209.932200003
12.12.2023 01:00:00.000 GMT+0300,1981.955,1996.625,1977.115,1979.315,22205920.025700003
13.12.2023 01:00:00.000 GMT+0300,1979.654,2027.648,1972.935,2027.385,27414030.313499995
14.12.2023 01:00:00.000 GMT+0300,2025.945,2047.775,2023.795,2036.255,36753231.0486
15.12.2023 01:00:00.000 GMT+0300,2036.355,2044.815,2015.515,2019.485,28007286.131399997
18.12.2023 01:00:00.000 GMT+0300,2018.898,2033.615,2015.885,2026.984,20888795.822899997
19.12.2023 01:00:00.000 GMT+0300,2026.828,2046.905,2021.605,2040.105,20860099.881899998
20.12.2023 01:00:00.000 GMT+0300,2039.548,2043.375,2027.258,2031.735,19830559.909200005
21.12.2023 01:00:00.000 GMT+0300,2031.698,2045.898,2031.465,2045.845,33682200.312699996
22.12.2023 01:00:00.000 GMT+0300,2048.414,2070.525,2046.608,2052.908,51822890.6987
26.12.2023 01:00:00.000 GMT+0300,2053.025,2068.948,2052.895,2067.635,19409659.9816
27.12.2023 01:00:00.000 GMT+0300,2067.288,2084.345,2061.385,2077.495,18869220.301699996
28.12.2023 01:00:00.000 GMT+0300,2076.804,2088.355,2064.448,2065.125,32505818.277599998
29.12.2023 01:00:00.000 GMT+0300,2065.698,2074.645,2058.105,2062.688,33486759.9013
02.01.2024 01:00:00.000 GMT+0300,2062.598,2078.825,2055.818,2058.605,28431599.0211
03.01.2024 01:00:00.000 GMT+0300,2058.018,2065.835,2030.515,2041.195,28982459.9029
04.01.2024 01:00:00.000 GMT+0300,2041.895,2050.855,2036.155,2043.124,21027449.816300005
05.01.2024 01:00:00.000 GMT+0300,2043.218,2063.838,2024.255,2045.355,32530750.095900003
08.01.2024 01:00:00.000 GMT+0300,2044.385,2046.525,2016.604,2027.835,26465289.801500008
09.01.2024 01:00:00.000 GMT+0300,2028.045,2041.898,2026.015,2029.885,29843640.416999992
10.01.2024 01:00:00.000 GMT+0300,2029.408,2040.135,2020.395,2024.105,25348637.0444
11.01.2024 01:00:00.000 GMT+0300,2023.995,2043.864,2013.225,2028.695,38022875.7561
12.01.2024 01:00:00.000 GMT+0300,2027.708,2062.145,2027.708,2048.675,32256909.877099995
15.01.2024 01:00:00.000 GMT+0300,2048.498,2058.505,2045.675,2054.505,17709589.8615
16.01.2024 01:00:00.000 GMT+0300,2053.914,2055.495,2024.165,2028.155,36085826.9932
17.01.2024 01:00:00.000 GMT+0300,2026.898,2032.815,2001.755,2005.945,34486410.140999995
18.01.2024 01:00:00.000 GMT+0300,2005.204,2023.135,2004.905,2022.835,23371389.8357
19.01.2024 01:00:00.000 GMT+0300,2023.785,2039.278,2020.325,2029.375,25702130.1387
22.01.2024 01:00:00.000 GMT+0300,2029.715,2032.005,2016.448,2021.105,25856509.864399996
23.01.2024 01:00:00.000 GMT+0300,2021.038,2037.808,2019.515,2029.015,25464299.962200005
24.01.2024 01:00:00.000 GMT+0300,2028.278,2036.575,2011.105,2014.214,28481890.469899997
25.01.2024 01:00:00.000 GMT+0300,2013.765,2025.175,2009.455,2020.505,28207890.0039
26.01.2024 01:00:00.000 GMT+0300,2019.854,2026.715,2015.845,2017.915,20329839.8254
29.01.2024 01:00:00.000 GMT+0300,2024.215,2037.465,2019.195,2032.955,22508560.120900005
30.01.2024 01:00:00.000 GMT+0300,2032.855,2048.448,2028.935,2036.495,26683640.0629
31.01.2024 01:00:00.000 GMT+0300,2036.955,2055.878,2031.000,2039.105,32713792.0857
01.02.2024 01:00:00.000 GMT+0300,2039.625,2065.348,2029.905,2054.545,35147838.801
02.02.2024 01:00:00.000 GMT+0300,2053.788,2057.545,2027.635,2039.275,31701620.042399995
05.02.2024 01:00:00.000 GMT+0300,2040.054,2042.034,2014.835,2025.005,21242459.759100005
06.02.2024 01:00:00.000 GMT+0300,2024.288,2038.785,2022.795,2035.365,20107320.040300004
07.02.2024 01:00:00.000 GMT+0300,2035.218,2044.465,2030.505,2034.805,24585777.208300006
08.02.2024 01:00:00.000 GMT+0300,2034.508,2038.635,2020.095,2033.785,23303849.8462
09.02.2024 01:00:00.000 GMT+0300,2033.878,2037.058,2020.195,2024.155,22220054.9987
12.02.2024 01:00:00.000 GMT+0300,2023.495,2027.505,2011.795,2019.885,19594959.966799997
13.02.2024 01:00:00.000 GMT+0300,2019.188,2032.845,1989.985,1992.855,19672694.9811
14.02.2024 01:00:00.000 GMT+0300,1992.398,1996.025,1984.088,1992.105,18210149.988399997
15.02.2024 01:00:00.000 GMT+0300,1991.388,2008.175,1990.175,2004.105,20214609.980900005
16.02.2024 01:00:00.000 GMT+0300,2003.598,2015.095,1994.985,2013.055,21653590.142899998
19.02.2024 01:00:00.000 GMT+0300,2014.595,2022.895,2009.935,2017.775,14520810.0603
20.02.2024 01:00:00.000 GMT+0300,2017.498,2030.765,2014.945,2024.095,18044139.951200005
21.02.2024 01:00:00.000 GMT+0300,2023.588,2032.195,2019.915,2025.895,20154539.987499997
22.02.2024 01:00:00.000 GMT+0300,2025.098,2034.708,2019.555,2024.514,23348639.831000004
23.02.2024 01:00:00.000 GMT+0300,2023.618,2041.285,2015.955,2035.215,23283700.2275
26.02.2024 01:00:00.000 GMT+0300,2034.295,2036.965,2024.975,2030.885,21715986.221899997
27.02.2024 01:00:00.000 GMT+0300,2030.398,2039.375,2028.725,2029.964,20439870.081999995
28.02.2024 01:00:00.000 GMT+0300,2029.698,2037.805,2024.355,2034.085,18209982.961500004
29.02.2024 01:00:00.000 GMT+0300,2034.228,2050.605,2028.015,2043.855,23125179.8124
01.03.2024 01:00:00.000 GMT+0300,2043.168,2088.215,2038.915,2082.395,32552929.699399997
04.03.2024 01:00:00.000 GMT+0300,2081.835,2119.805,2079.308,2114.295,35460330.3225
05.03.2024 01:00:00.000 GMT+0300,2114.448,2141.748,2110.375,2127.755,38887029.96079999
06.03.2024 01:00:00.000 GMT+0300,2127.188,2152.085,2123.615,2147.975,42179560.572100006
07.03.2024 01:00:00.000 GMT+0300,2147.948,2164.635,2144.048,2159.715,39683650.24029999
08.03.2024 01:00:00.000 GMT+0300,2159.098,2195.085,2153.895,2178.965,47474710.13689999
11.03.2024 00:00:00.000 GMT+0300,2179.015,2188.925,2174.695,2182.085,30259569.674500003
12.03.2024 00:00:00.000 GMT+0300,2182.008,2184.625,2150.455,2158.045,38233485.6541
13.03.2024 00:00:00.000 GMT+0300,2157.538,2179.745,2155.665,2174.065,41920350.3428
14.03.2024 00:00:00.000 GMT+0300,2173.568,2176.848,2152.665,2161.765,31596400.052399997
15.03.2024 00:00:00.000 GMT+0300,2161.338,2172.615,2155.115,2155.625,24297859.9964
18.03.2024 00:00:00.000 GMT+0300,2155.395,2163.455,2145.985,2159.995,32146520.137800004
19.03.2024 00:00:00.000 GMT+0300,2159.698,2162.745,2147.045,2156.995,26403789.833100002
20.03.2024 00:00:00.000 GMT+0300,2157.298,2188.735,2149.475,2185.855,28749699.7116
21.03.2024 00:00:00.000 GMT+0300,2186.255,2222.875,2166.264,2180.815,43146647.0955
22.03.2024 00:00:00.000 GMT+0300,2181.285,2185.965,2157.035,2165.055,32809059.962700002
25.03.2024 00:00:00.000 GMT+0300,2165.475,2181.205,2163.455,2171.235,25003799.870699998
26.03.2024 00:00:00.000 GMT+0300,2171.195,2199.995,2167.458,2178.515,34429320.2456
27.03.2024 00:00:00.000 GMT+0300,2178.065,2197.505,2173.275,2194.335,25978699.714000005
28.03.2024 00:00:00.000 GMT+0300,2193.998,2236.015,2187.225,2232.698,38441150.1288
29.03.2024 00:00:00.000 GMT+0300,2232.698,2232.698,2232.698,2232.698,0
01.04.2024 00:00:00.000 GMT+0300,2238.435,2265.585,2228.395,2251.585,34208010.3754
02.04.2024 00:00:00.000 GMT+0300,2251.268,2280.945,2246.585,2280.145,47832329.9287
03.04.2024 00:00:00.000 GMT+0300,2280.355,2301.035,2265.405,2299.755,57744769.93059999
04.04.2024 00:00:00.000 GMT+0300,2299.025,2305.425,2279.688,2290.605,36039149.8207
05.04.2024 00:00:00.000 GMT+0300,2290.128,2330.345,2267.605,2328.195,60668221.324899994
08.04.2024 00:00:00.000 GMT+0300,2323.125,2353.835,2302.755,2338.845,65420730.14370001
09.04.2024 00:00:00.000 GMT+0300,2338.675,2365.185,2336.795,2352.675,58430700.12320001
10.04.2024 00:00:00.000 GMT+0300,2352.308,2360.065,2319.265,2333.445,63891917.2881
11.04.2024 00:00:00.000 GMT+0300,2333.414,2377.545,2325.655,2371.705,50851979.7921
12.04.2024 00:00:00.000 GMT+0300,2371.498,2431.385,2333.755,2343.285,72819320.32100001
15.04.2024 00:00:00.000 GMT+0300,2352.098,2387.448,2323.858,2382.835,76456149.3994
16.04.2024 00:00:00.000 GMT+0300,2382.238,2398.128,2362.844,2382.335,89225829.7203
17.04.2024 00:00:00.000 GMT+0300,2381.725,2395.448,2354.435,2360.395,52272100.061100006
18.04.2024 00:00:00.000 GMT+0300,2361.674,2392.624,2361.375,2379.055,58352680.53409999
19.04.2024 00:00:00.000 GMT+0300,2377.898,2417.745,2372.805,2390.295,72882889.4793
22.04.2024 00:00:00.000 GMT+0300,2387.635,2388.425,2324.555,2326.385,50316469.93749999
23.04.2024 00:00:00.000 GMT+0300,2326.825,2334.305,2291.265,2321.535,82152370.2144
24.04.2024 00:00:00.000 GMT+0300,2321.498,2337.128,2311.635,2315.715,63428750.1576
25.04.2024 00:00:00.000 GMT+0300,2314.655,2344.708,2304.898,2331.735,67447929.0243
26.04.2024 00:00:00.000 GMT+0300,2331.675,2352.418,2326.165,2337.245,52090690.1359
29.04.2024 00:00:00.000 GMT+0300,2336.065,2346.585,2319.728,2335.085,51952870.57759999
30.04.2024 00:00:00.000 GMT+0300,2334.648,2336.215,2284.975,2285.495,33556196.7195
01.05.2024 00:00:00.000 GMT+0300,2285.965,2328.225,2281.515,2318.115,61163855.999800004
02.05.2024 00:00:00.000 GMT+0300,2319.298,2326.325,2285.358,2303.305,52830159.9027
03.05.2024 00:00:00.000 GMT+0300,2303.088,2320.548,2277.165,2301.175,56408451.0356
06.05.2024 00:00:00.000 GMT+0300,2304.655,2331.988,2291.645,2323.535,58979610.74110002
07.05.2024 00:00:00.000 GMT+0300,2323.434,2329.788,2309.818,2313.795,41916349.53
08.05.2024 00:00:00.000 GMT+0300,2313.785,2321.345,2303.555,2308.165,28019840.210799996
09.05.2024 00:00:00.000 GMT+0300,2308.025,2347.095,2306.615,2345.985,53062579.8704
10.05.2024 00:00:00.000 GMT+0300,2345.385,2378.365,2342.965,2360.175,52465969.681700006
13.05.2024 00:00:00.000 GMT+0300,2362.895,2364.355,2331.985,2336.545,44252290.159600005
14.05.2024 00:00:00.000 GMT+0300,2334.935,2359.558,2334.695,2357.715,50935959.8457
15.05.2024 00:00:00.000 GMT+0300,2357.038,2390.188,2351.735,2385.425,61535159.826199986
16.05.2024 00:00:00.000 GMT+0300,2386.065,2397.275,2370.845,2376.464,51152167.29050001
17.05.2024 00:00:00.000 GMT+0300,2376.098,2422.575,2373.788,2414.525,50640120.684999995
20.05.2024 00:00:00.000 GMT+0300,2417.098,2449.985,2407.145,2425.675,65545229.9714
21.05.2024 00:00:00.000 GMT+0300,2425.698,2433.838,2406.158,2420.365,59744560.42039999
22.05.2024 00:00:00.000 GMT+0300,2421.034,2426.344,2374.855,2377.745,79515209.8836
23.05.2024 00:00:00.000 GMT+0300,2379.015,2383.605,2326.848,2328.375,74781134.3369
24.05.2024 00:00:00.000 GMT+0300,2327.808,2347.325,2325.265,2333.405,38854850.053600006
27.05.2024 00:00:00.000 GMT+0300,2336.365,2358.388,2332.125,2350.754,38949109.7333
28.05.2024 00:00:00.000 GMT+0300,2351.098,2363.975,2340.155,2361.015,44286769.598799996
29.05.2024 00:00:00.000 GMT+0300,2360.185,2362.105,2334.438,2337.755,44288680.374800004
30.05.2024 00:00:00.000 GMT+0300,2337.098,2351.698,2322.458,2342.875,54711040.973699994
31.05.2024 00:00:00.000 GMT+0300,2344.705,2359.598,2320.395,2326.995,56535149.872499995
03.06.2024 00:00:00.000 GMT+0300,2327.425,2354.565,2314.635,2350.405,63611360.16240001
04.06.2024 00:00:00.000 GMT+0300,2350.495,2352.645,2315.508,2326.675,64996134.87719999
05.06.2024 00:00:00.000 GMT+0300,2325.918,2357.278,2325.785,2354.975,54647599.637399994
06.06.2024 00:00:00.000 GMT+0300,2355.098,2378.408,2353.305,2375.375,54899699.986099996
07.06.2024 00:00:00.000 GMT+0300,2374.968,2387.595,2286.628,2293.415,71878084.6297
10.06.2024 00:00:00.000 GMT+0300,2294.415,2313.655,2287.665,2310.645,40884309.6198
11.06.2024 00:00:00.000 GMT+0300,2311.954,2319.865,2297.595,2316.515,49497255.0271
12.06.2024 00:00:00.000 GMT+0300,2316.405,2341.495,2310.584,2324.675,72525230.46730001
13.06.2024 00:00:00.000 GMT+0300,2324.305,2326.495,2295.395,2303.905,70407149.6129
14.06.2024 00:00:00.000 GMT+0300,2303.028,2336.575,2301.415,2332.184,56617890.3281
17.06.2024 00:00:00.000 GMT+0300,2331.098,2332.488,2309.895,2318.875,42801170.1106
18.06.2024 00:00:00.000 GMT+0300,2318.098,2333.008,2306.465,2329.165,46360825.08400001
19.06.2024 00:00:00.000 GMT+0300,2328.585,2334.868,2323.984,2327.695,26059390.187200002
20.06.2024 00:00:00.000 GMT+0300,2327.865,2365.375,2327.628,2359.695,49984309.25609999
21.06.2024 00:00:00.000 GMT+0300,2359.298,2368.558,2316.588,2321.755,53356313.7053
24.06.2024 00:00:00.000 GMT+0300,2322.775,2334.595,2317.575,2333.695,50280550.330900006
25.06.2024 00:00:00.000 GMT+0300,2333.205,2337.018,2315.405,2319.235,53693974.85279999
26.06.2024 00:00:00.000 GMT+0300,2319.575,2323.738,2293.464,2298.035,53874130.2493
27.06.2024 00:00:00.000 GMT+0300,2298.098,2330.825,2296.425,2327.695,50998210.22160001
28.06.2024 00:00:00.000 GMT+0300,2327.108,2339.635,2318.905,2326.275,53057779.49069999
01.07.2024 00:00:00.000 GMT+0300,2326.315,2338.388,2318.395,2331.485,47742310.13649999
02.07.2024 00:00:00.000 GMT+0300,2330.848,2336.668,2318.945,2329.335,46829489.350099996
03.07.2024 00:00:00.000 GMT+0300,2329.098,2364.795,2326.685,2355.765,48858620.271000005
04.07.2024 00:00:00.000 GMT+0300,2356.925,2362.385,2350.364,2356.555,25965120.285800006
05.07.2024 00:00:00.000 GMT+0300,2356.615,2392.815,2347.515,2390.705,53746080.249699995
08.07.2024 00:00:00.000 GMT+0300,2385.498,2390.935,2350.915,2358.625,50636770.18880001
09.07.2024 00:00:00.000 GMT+0300,2358.338,2371.358,2349.455,2363.745,44278222.14349999
10.07.2024 00:00:00.000 GMT+0300,2363.085,2386.548,2362.091,2370.995,42705323.0406
11.07.2024 00:00:00.000 GMT+0300,2371.035,2424.395,2370.235,2414.654,68747730.121
12.07.2024 00:00:00.000 GMT+0300,2415.298,2418.128,2391.325,2410.534,54676233.64909999
15.07.2024 00:00:00.000 GMT+0300,2412.455,2439.628,2401.225,2422.165,57587114.9004
16.07.2024 00:00:00.000 GMT+0300,2421.518,2469.575,2419.835,2468.355,63107390.105700016
17.07.2024 00:00:00.000 GMT+0300,2467.945,2483.548,2451.425,2458.645,68111193.83579999
18.07.2024 00:00:00.000 GMT+0300,2458.155,2474.805,2440.195,2444.915,61150348.841900006
19.07.2024 00:00:00.000 GMT+0300,2444.635,2445.705,2393.675,2400.485,54657959.81899999
22.07.2024 00:00:00.000 GMT+0300,2401.298,2412.035,2383.715,2396.045,54830995.41069999
23.07.2024 00:00:00.000 GMT+0300,2395.658,2411.908,2388.135,2409.085,62990950.76340001
24.07.2024 00:00:00.000 GMT+0300,2408.648,2431.945,2396.585,2397.015,58521560.072699994
25.07.2024 00:00:00.000 GMT+0300,2397.005,2401.045,2353.005,2364.175,76194699.76439999
26.07.2024 00:00:00.000 GMT+0300,2363.568,2390.655,2355.728,2386.765,47071639.8655
29.07.2024 00:00:00.000 GMT+0300,2387.645,2402.995,2369.518,2383.504,55582010.03090001
30.07.2024 00:00:00.000 GMT+0300,2383.198,2412.705,2376.358,2410.375,57536130.3241
31.07.2024 00:00:00.000 GMT+0300,2409.898,2450.848,2403.765,2447.095,66866569.1614
01.08.2024 00:00:00.000 GMT+0300,2448.498,2462.125,2430.075,2446.065,84049310.92259999
02.08.2024 00:00:00.000 GMT+0300,2445.668,2477.494,2410.664,2443.055,85590040.5645
05.08.2024 00:00:00.000 GMT+0300,2443.975,2458.655,2364.164,2410.005,123821194.41030002
06.08.2024 00:00:00.000 GMT+0300,2409.295,2418.215,2381.515,2389.854,82459679.5439
07.08.2024 00:00:00.000 GMT+0300,2390.575,2406.858,2378.868,2382.495,95818961.91829999
08.08.2024 00:00:00.000 GMT+0300,2383.524,2427.548,2380.855,2427.065,72551329.4936
09.08.2024 00:00:00.000 GMT+0300,2426.845,2436.884,2416.815,2430.925,60795055.6873
12.08.2024 00:00:00.000 GMT+0300,2430.298,2473.095,2423.695,2472.385,53230105.0425
13.08.2024 00:00:00.000 GMT+0300,2470.414,2476.845,2458.365,2464.855,55576600.253800005
14.08.2024 00:00:00.000 GMT+0300,2466.498,2479.715,2438.000,2447.625,55547126.26370001
15.08.2024 00:00:00.000 GMT+0300,2446.958,2469.945,2432.015,2456.545,58667596.34
16.08.2024 00:00:00.000 GMT+0300,2456.385,2509.638,2450.565,2506.844,61775933.53389999
19.08.2024 00:00:00.000 GMT+0300,2508.298,2509.998,2485.515,2503.885,59236219.465900004
20.08.2024 00:00:00.000 GMT+0300,2503.275,2531.558,2497.235,2513.615,68014579.9221
21.08.2024 00:00:00.000 GMT+0300,2512.968,2519.795,2493.698,2512.055,51229780.375999995
22.08.2024 00:00:00.000 GMT+0300,2511.698,2514.545,2470.705,2484.465,51258084.0287
23.08.2024 00:00:00.000 GMT+0300,2484.185,2518.195,2484.185,2512.235,62529634.56510001
26.08.2024 00:00:00.000 GMT+0300,2511.275,2526.708,2508.585,2517.835,67936990.49969998
27.08.2024 00:00:00.000 GMT+0300,2517.438,2525.818,2503.325,2524.355,58971090.2272
28.08.2024 00:00:00.000 GMT+0300,2524.605,2528.888,2493.515,2504.315,56071881.47319999
29.08.2024 00:00:00.000 GMT+0300,2503.858,2528.558,2503.515,2521.085,52782774.09060001
30.08.2024 00:00:00.000 GMT+0300,2520.425,2526.725,2494.048,2502.925,50634273.9166
02.09.2024 00:00:00.000 GMT+0300,2502.435,2507.125,2489.915,2499.228,27624265.953900002
03.09.2024 00:00:00.000 GMT+0300,2499.098,2506.165,2473.245,2492.665,48584285.08049999
04.09.2024 00:00:00.000 GMT+0300,2492.495,2500.145,2471.718,2495.285,55754219.38319999
05.09.2024 00:00:00.000 GMT+0300,2494.725,2523.448,2493.665,2516.475,51368331.4324
06.09.2024 00:00:00.000 GMT+0300,2516.048,2529.125,2485.015,2497.035,63028180.28639999
09.09.2024 00:00:00.000 GMT+0300,2497.098,2507.088,2485.405,2506.115,57273679.6735
10.09.2024 00:00:00.000 GMT+0300,2505.898,2518.304,2500.024,2516.415,49312431.6335
11.09.2024 00:00:00.000 GMT+0300,2515.978,2528.885,2500.825,2511.555,74622334.65910001
12.09.2024 00:00:00.000 GMT+0300,2511.015,2559.978,2510.885,2558.485,64380750.08960002
13.09.2024 00:00:00.000 GMT+0300,2557.698,2585.965,2556.538,2577.615,76496435.0463
16.09.2024 00:00:00.000 GMT+0300,2578.725,2589.515,2575.115,2582.235,54534219.92069999
17.09.2024 00:00:00.000 GMT+0300,2581.745,2586.835,2560.984,2569.155,55038643.5688
18.09.2024 00:00:00.000 GMT+0300,2568.698,2599.995,2546.645,2558.664,72500229.7161
19.09.2024 00:00:00.000 GMT+0300,2558.645,2594.775,2551.005,2586.645,73527910.4111
20.09.2024 00:00:00.000 GMT+0300,2585.848,2625.574,2584.654,2621.504,81270689.24900001
23.09.2024 00:00:00.000 GMT+0300,2620.915,2634.715,2613.685,2628.405,69490390.12189999
24.09.2024 00:00:00.000 GMT+0300,2628.045,2664.204,2622.475,2656.804,79596299.58859998
25.09.2024 00:00:00.000 GMT+0300,2657.105,2670.348,2649.715,2656.954,64644909.8586
26.09.2024 00:00:00.000 GMT+0300,2656.474,2685.405,2654.685,2671.964,78361780.28610002
27.09.2024 00:00:00.000 GMT+0300,2671.268,2674.134,2643.111,2657.955,96611796.26
30.09.2024 00:00:00.000 GMT+0300,2657.935,2665.858,2624.538,2634.204,77098863.72110002
01.10.2024 00:00:00.000 GMT+0300,2633.898,2672.908,2632.184,2663.005,59370940.357099995
02.10.2024 00:00:00.000 GMT+0300,2662.438,2663.194,2640.954,2658.345,50757414.907299995
03.10.2024 00:00:00.000 GMT+0300,2658.035,2662.775,2636.255,2655.715,46042949.67649999
04.10.2024 00:00:00.000 GMT+0300,2654.878,2670.065,2632.068,2653.545,53761620.074499995
07.10.2024 00:00:00.000 GMT+0300,2650.375,2659.465,2637.688,2642.625,47805619.8955
08.10.2024 00:00:00.000 GMT+0300,2641.965,2652.885,2604.575,2621.385,76440508.8422
09.10.2024 00:00:00.000 GMT+0300,2620.638,2624.165,2605.045,2607.465,49453737.22929999
10.10.2024 00:00:00.000 GMT+0300,2606.828,2631.435,2601.734,2629.595,72228339.3855
11.10.2024 00:00:00.000 GMT+0300,2629.098,2661.258,2627.995,2656.835,50343310.058000006
14.10.2024 00:00:00.000 GMT+0300,2656.298,2666.705,2643.058,2648.424,41407956.3319
15.10.2024 00:00:00.000 GMT+0300,2646.905,2668.805,2637.955,2662.345,58973200.14249999
16.10.2024 00:00:00.000 GMT+0300,2662.098,2685.298,2658.558,2673.435,50131549.447699994
17.10.2024 00:00:00.000 GMT+0300,2673.015,2696.605,2672.914,2692.675,60861762.19579999
18.10.2024 00:00:00.000 GMT+0300,2691.998,2722.405,2691.665,2721.105,67066960.543299995
21.10.2024 00:00:00.000 GMT+0300,2720.098,2740.418,2714.165,2719.124,71889005.8996
22.10.2024 00:00:00.000 GMT+0300,2720.054,2748.775,2718.798,2748.525,58448119.5806
23.10.2024 00:00:00.000 GMT+0300,2748.155,2758.338,2708.635,2715.014,77415208.48849998
24.10.2024 00:00:00.000 GMT+0300,2715.044,2743.175,2714.764,2735.875,65493100.67310001
25.10.2024 00:00:00.000 GMT+0300,2735.318,2747.635,2716.885,2746.625,59584859.52030001
28.10.2024 00:00:00.000 GMT+0300,2735.698,2745.788,2724.545,2742.055,65214244.66359998
29.10.2024 00:00:00.000 GMT+0300,2741.678,2774.715,2739.605,2774.425,65553379.89320001
30.10.2024 00:00:00.000 GMT+0300,2773.898,2789.925,2770.795,2787.205,66365139.514000006
31.10.2024 00:00:00.000 GMT+0300,2788.014,2790.005,2731.415,2743.765,79727150.85760002
01.11.2024 00:00:00.000 GMT+0300,2743.945,2762.048,2733.095,2735.895,81253019.5414
04.11.2024 01:00:00.000 GMT+0300,2733.298,2748.015,2730.000,2736.225,55455604.37440001
05.11.2024 01:00:00.000 GMT+0300,2735.698,2749.875,2724.695,2743.694,59165775.0308
06.11.2024 01:00:00.000 GMT+0300,2742.898,2749.605,2652.295,2658.895,113181698.79930001
07.11.2024 01:00:00.000 GMT+0300,2658.695,2710.244,2643.134,2705.995,85444300.2941
08.11.2024 01:00:00.000 GMT+0300,2705.788,2710.235,2680.215,2684.035,80907110.1547
11.11.2024 01:00:00.000 GMT+0300,2683.898,2686.025,2610.515,2619.375,88136440.51550001
12.11.2024 01:00:00.000 GMT+0300,2618.618,2627.015,2589.508,2597.895,63212014.67500001
13.11.2024 01:00:00.000 GMT+0300,2597.628,2618.628,2572.125,2572.195,76551379.32309999
14.11.2024 01:00:00.000 GMT+0300,2572.245,2581.198,2536.664,2564.145,101908619.1653
15.11.2024 01:00:00.000 GMT+0300,2563.898,2575.908,2554.335,2562.715,88865130.78189999
18.11.2024 01:00:00.000 GMT+0300,2564.258,2614.955,2563.835,2611.605,69654229.87930001
19.11.2024 01:00:00.000 GMT+0300,2611.498,2639.325,2610.205,2632.105,76415909.97580002
20.11.2024 01:00:00.000 GMT+0300,2631.975,2655.275,2618.705,2650.145,66234399.73590001
21.11.2024 01:00:00.000 GMT+0300,2649.515,2673.385,2648.765,2669.535,64202019.929900005
22.11.2024 01:00:00.000 GMT+0300,2668.698,2716.165,2667.915,2715.805,94902290.106
25.11.2024 01:00:00.000 GMT+0300,2713.375,2721.185,2615.455,2624.645,87044530.27239999
26.11.2024 01:00:00.000 GMT+0300,2624.218,2641.774,2605.085,2632.785,84367845.6545
27.11.2024 01:00:00.000 GMT+0300,2631.858,2658.098,2626.935,2635.785,77609500.76580001
28.11.2024 01:00:00.000 GMT+0300,2636.298,2649.518,2620.815,2637.215,47066394.508
29.11.2024 01:00:00.000 GMT+0300,2637.505,2666.195,2633.925,2649.945,57632984.8768
02.12.2024 01:00:00.000 GMT+0300,2653.075,2653.115,2622.000,2638.555,73703332.45399998
03.12.2024 01:00:00.000 GMT+0300,2638.698,2655.528,2633.965,2643.225,82393004.5961
04.12.2024 01:00:00.000 GMT+0300,2642.618,2656.998,2632.315,2649.325,72914599.65720001
05.12.2024 01:00:00.000 GMT+0300,2649.118,2655.445,2623.385,2631.665,77465214.37159999
06.12.2024 01:00:00.000 GMT+0300,2631.498,2645.535,2612.585,2632.664,63847970.45599999
09.12.2024 01:00:00.000 GMT+0300,2646.520,2676.255,2627.455,2659.354,71085899.5616
10.12.2024 01:00:00.000 GMT+0300,2660.498,2695.378,2657.805,2693.514,63182060.03310001
11.12.2024 01:00:00.000 GMT+0300,2693.698,2721.005,2674.345,2717.395,109228596.896
12.12.2024 01:00:00.000 GMT+0300,2717.135,2726.105,2675.055,2680.595,95358490.40730001
13.12.2024 01:00:00.000 GMT+0300,2679.778,2692.595,2645.945,2647.385,84427150.36860003
16.12.2024 01:00:00.000 GMT+0300,2649.098,2664.248,2643.374,2652.595,66685519.933699995
17.12.2024 01:00:00.000 GMT+0300,2651.898,2658.465,2632.795,2645.575,71293260.0379
18.12.2024 01:00:00.000 GMT+0300,2645.355,2651.525,2583.498,2584.574,112537906.1402
19.12.2024 01:00:00.000 GMT+0300,2583.745,2626.325,2582.264,2593.585,92487664.5805
20.12.2024 01:00:00.000 GMT+0300,2593.498,2631.698,2589.475,2622.435,69115750.0147
23.12.2024 01:00:00.000 GMT+0300,2623.698,2633.135,2608.055,2611.635,68630958.52749999
24.12.2024 01:00:00.000 GMT+0300,2613.100,2621.205,2609.935,2616.348,41640785.0385
25.12.2024 01:00:00.000 GMT+0300,2616.348,2616.348,2616.348,2616.348,0
26.12.2024 01:00:00.000 GMT+0300,2619.205,2638.975,2614.248,2632.705,45096070.438499995
27.12.2024 01:00:00.000 GMT+0300,2632.448,2638.105,2611.285,2621.348,53993127.22690001
30.12.2024 01:00:00.000 GMT+0300,2620.154,2627.985,2595.905,2605.705,74523980.1407
31.12.2024 01:00:00.000 GMT+0300,2605.455,2627.364,2602.475,2624.255,47453269.73470001
01.01.2025 01:00:00.000 GMT+0300,2624.255,2624.255,2624.255,2624.255,0
02.01.2025 01:00:00.000 GMT+0300,2625.098,2660.375,2621.475,2657.195,65824807.37560001
03.01.2025 01:00:00.000 GMT+0300,2657.248,2665.185,2636.625,2639.898,64904908.86559998
06.01.2025 01:00:00.000 GMT+0300,2639.298,2649.305,2614.365,2635.995,73058270.1564
07.01.2025 01:00:00.000 GMT+0300,2635.618,2664.098,2632.775,2648.185,59158449.7095
08.01.2025 01:00:00.000 GMT+0300,2647.965,2669.844,2645.095,2661.105,68034169.2271
09.01.2025 01:00:00.000 GMT+0300,2660.865,2678.395,2655.305,2669.525,61433299.92890001
10.01.2025 01:00:00.000 GMT+0300,2670.255,2697.709,2663.205,2689.755,93161982.6556
13.01.2025 01:00:00.000 GMT+0300,2690.155,2693.245,2656.615,2662.475,85029170.75150001
14.01.2025 01:00:00.000 GMT+0300,2662.633,2677.985,2659.645,2676.875,68580584.5856
15.01.2025 01:00:00.000 GMT+0300,2677.475,2697.335,2669.315,2695.719,69739945.05389999
16.01.2025 01:00:00.000 GMT+0300,2697.348,2724.565,2689.725,2713.745,78431479.9606
17.01.2025 01:00:00.000 GMT+0300,2714.065,2717.375,2698.445,2702.645,60017659.48510001
20.01.2025 01:00:00.000 GMT+0300,2701.105,2713.655,2689.308,2707.248,43033179.99830001
21.01.2025 01:00:00.000 GMT+0300,2706.055,2745.848,2702.745,2744.005,57498510.003000006
22.01.2025 01:00:00.000 GMT+0300,2743.808,2763.205,2741.705,2755.755,49390349.686000004
23.01.2025 01:00:00.000 GMT+0300,2755.495,2758.655,2735.665,2754.145,67432439.59539999
24.01.2025 01:00:00.000 GMT+0300,2753.945,2785.825,2753.185,2769.805,63175459.83219999
27.01.2025 01:00:00.000 GMT+0300,2770.305,2772.415,2730.529,2739.755,57874829.709400006
28.01.2025 01:00:00.000 GMT+0300,2739.765,2764.875,2734.738,2763.005,52918689.66809999
29.01.2025 01:00:00.000 GMT+0300,2762.448,2765.985,2745.000,2758.615,67255983.8294
30.01.2025 01:00:00.000 GMT+0300,2758.595,2798.305,2757.348,2793.465,73038495.36179999
31.01.2025 01:00:00.000 GMT+0300,2793.148,2816.935,2790.895,2798.085,75416260.59989999
03.02.2025 01:00:00.000 GMT+0300,2793.987,2830.305,2771.885,2813.935,76392817.13960001
04.02.2025 01:00:00.000 GMT+0300,2812.248,2845.335,2806.925,2841.235,60425369.91819998
05.02.2025 01:00:00.000 GMT+0300,2840.755,2882.215,2839.335,2866.235,48417479.42579999
06.02.2025 01:00:00.000 GMT+0300,2865.995,2873.085,2833.955,2855.945,53390999.853599995
07.02.2025 01:00:00.000 GMT+0300,2855.298,2886.605,2852.085,2860.135,50235306.94850001
10.02.2025 01:00:00.000 GMT+0300,2858.065,2911.655,2854.448,2907.365,58914891.06420001
11.02.2025 01:00:00.000 GMT+0300,2906.968,2942.665,2881.635,2897.325,58782571.43510001
12.02.2025 01:00:00.000 GMT+0300,2896.578,2909.035,2863.685,2903.975,50846664.279699996
13.02.2025 01:00:00.000 GMT+0300,2903.485,2929.395,2900.225,2927.305,45018210.11299999
14.02.2025 01:00:00.000 GMT+0300,2926.735,2939.935,2876.805,2882.085,54788338.1846
17.02.2025 01:00:00.000 GMT+0300,2881.745,2906.215,2878.015,2898.275,34899109.9296
18.02.2025 01:00:00.000 GMT+0300,2898.545,2936.825,2891.775,2934.565,53765660.136999995
19.02.2025 01:00:00.000 GMT+0300,2934.248,2946.865,2918.365,2932.985,51299514.964299984
20.02.2025 01:00:00.000 GMT+0300,2932.538,2954.755,2923.945,2938.995,38740780.323599994
21.02.2025 01:00:00.000 GMT+0300,2938.165,2949.545,2916.615,2934.955,48245279.878199995
24.02.2025 01:00:00.000 GMT+0300,2934.815,2956.035,2921.055,2952.725,61695670.3663
25.02.2025 01:00:00.000 GMT+0300,2952.315,2953.348,2888.085,2914.348,61235965.31149999
26.02.2025 01:00:00.000 GMT+0300,2913.965,2929.995,2890.588,2916.025,50062549.77
27.02.2025 01:00:00.000 GMT+0300,2915.878,2920.615,2867.565,2876.485,60141355.06769999
28.02.2025 01:00:00.000 GMT+0300,2876.298,2884.925,2832.455,2856.998,60724638.8793
03.03.2025 01:00:00.000 GMT+0300,2855.205,2894.985,2855.075,2892.148,49054929.03460003
04.03.2025 01:00:00.000 GMT+0300,2891.785,2927.715,2881.648,2916.625,55682570.09419997
05.03.2025 01:00:00.000 GMT+0300,2917.155,2929.748,2894.145,2918.735,80595529.93810004
06.03.2025 01:00:00.000 GMT+0300,2918.258,2926.425,2890.815,2910.805,54177643.00290007
07.03.2025 01:00:00.000 GMT+0300,2910.898,2930.185,2895.698,2909.355,45013334.98849996
10.03.2025 00:00:00.000 GMT+0300,2910.905,2918.125,2879.935,2888.325,74477269.99280012
11.03.2025 00:00:00.000 GMT+0300,2888.098,2922.048,2879.938,2915.625,51164944.9916
12.03.2025 00:00:00.000 GMT+0300,2914.998,2940.348,2905.755,2932.925,53171369.96419998
13.03.2025 00:00:00.000 GMT+0300,2933.698,2989.165,2932.768,2988.075,57499536.079199955
14.03.2025 00:00:00.000 GMT+0300,2988.698,3004.725,2978.085,2983.795,58688343.99389999
17.03.2025 00:00:00.000 GMT+0300,2984.285,3001.755,2981.975,3000.425,48761150.03230005
18.03.2025 00:00:00.000 GMT+0300,3000.098,3038.058,2999.258,3034.075,55309069.91360001
19.03.2025 00:00:00.000 GMT+0300,3033.335,3051.758,3022.315,3045.955,47540319.94869998
20.03.2025 00:00:00.000 GMT+0300,3047.648,3057.245,3025.428,3044.725,55373159.943900004
21.03.2025 00:00:00.000 GMT+0300,3043.925,3047.265,2999.268,3022.705,49439013.96919997